{"last_download_success": 1706219874.280977, "unseen_downloads": [], "last_download_failure": 1706224718.912902}