{"last_download_failure": 1708828992.6723523, "last_download_success": 1708797359.8665311, "unseen_downloads": []}