{"last_download_success": 1706395638.5122585, "unseen_downloads": [], "last_download_failure": 1708828991.6717167}