{"last_download_success": 1706224455.7426188, "unseen_downloads": [], "last_download_failure": 1706224457.0063186}